CREATE OR REPLACE PROCEDURE ADD_PASSENGER(
    F_NAME VARCHAR,M_NAME VARCHAR,L_NAME VARCHAR,DOB DATE,GEN CHAR
)
IS
AGE NUMBER;
PASS_TYPE VARCHAR(32);
BEGIN
AGE := ROUND((SYSDATE - DOB)/365.25, 0);
IF AGE >= 60 THEN
    PASS_TYPE := 'CITIZEN';
ELSIF AGE < 60 AND AGE >= 18 THEN
    PASS_TYPE := 'ADULT';
ELSE
    PASS_TYPE := 'CHILDREN';
END IF;
INSERT INTO PASSENGER VALUES(PASS_SEQ.NEXTVAL,F_NAME,M_NAME,L_NAME,DOB,AGE,GEN,PASS_TYPE);
END;
/


CREATE OR REPLACE PROCEDURE PASS_ADDRESS(
    EMAIL VARCHAR,PHONE NUMBER,COUNTRY VARCHAR,STATE VARCHAR,CITY VARCHAR,ZIPCODE VARCHAR
)
IS
BEGIN
    INSERT INTO PADDRESS_DETAILS VALUES(PADD_SEQ.NEXTVAL,EMAIL,PHONE,COUNTRY,STATE,CITY,ZIPCODE);
END;
/

CREATE OR REPLACE PROCEDURE ADD_VACCIN_DETAILS(
        VACCIN_ID NUMBER,P_ID NUMBER,VACCIN_NAME VARCHAR,VACCIN_STATUS VARCHAR
)
IS
BEGIN
    INSERT INTO VACCINATION_DETAILS VALUES(VACCIN_ID,P_ID,VACCIN_NAME,VACCIN_STATUS);
END;
/


CREATE OR REPLACE PROCEDURE ADD_FLIGHT_TIMES(
    F_NO VARCHAR 
)
IS
BEGIN
    INSERT INTO FLIGHT_TIMINGS VALUES(F_NO,
    TO_CHAR(CURRENT_TIMESTAMP - INTERVAL '30' MINUTE,'DD-MON-YYYY HH12:MI:SS PM'),
    TO_DATE(TO_CHAR(SYSDATE,'DD-MON-YYYY')),
    TO_CHAR(CURRENT_TIMESTAMP,'DD-MON-YYYY HH12:MI:SS PM'),
    TO_CHAR(CURRENT_TIMESTAMP + INTERVAL '24' HOUR,'DD-MON-YYYY HH12:MI:SS PM'));
END;
/

INSERT INTO TRAVEL_AGENCY VALUES(501, 'Sky Air Travels' ,7759992852, 'Chennai', 'N2PLK',15);
INSERT INTO TRAVEL_AGENCY VALUES(502, 'Prime Forex Pvt Ltd',1425554315, 'Banglore', 'CUIEO',20);
INSERT INTO TRAVEL_AGENCY VALUES(503, 'Sri Sai Enterprises',1836188529,'Victoria', 'NZQL0',15);
INSERT INTO TRAVEL_AGENCY VALUES(504,'Mmm Tours & Travels',3643137214, 'Greenport', 'WN5O2',10);
INSERT INTO TRAVEL_AGENCY VALUES(505, 'Shreem Travel Links Pvt Ltd',1379153987, 'London', 'PAZTQ',14);
INSERT INTO TRAVEL_AGENCY VALUES(506,'Larsha Forex & Travels Pvt Ltd',1957815978, 'Maldives', 'SP91M',12);
INSERT INTO TRAVEL_AGENCY VALUES(507,'Explora Tourways',7657836578, 'Malaysia', 'RSMSR',10);
INSERT INTO TRAVEL_AGENCY VALUES(508, 'Skybee Travel Pvt Ltd',9834755685,'Singapore', '68ULL',10);

INSERT INTO TRAVELAGENCY_PASSENGERS VALUES(1002	,501);
INSERT INTO TRAVELAGENCY_PASSENGERS VALUES(1003	,501);
INSERT INTO TRAVELAGENCY_PASSENGERS VALUES(1004	,501);
INSERT INTO TRAVELAGENCY_PASSENGERS VALUES(1005	,504);
INSERT INTO TRAVELAGENCY_PASSENGERS VALUES(1007	,504);
INSERT INTO TRAVELAGENCY_PASSENGERS VALUES(1008	,504);
INSERT INTO TRAVELAGENCY_PASSENGERS VALUES(1010	,505);
INSERT INTO TRAVELAGENCY_PASSENGERS VALUES(1011	,505);
INSERT INTO TRAVELAGENCY_PASSENGERS VALUES(1012	,505);
INSERT INTO TRAVELAGENCY_PASSENGERS VALUES(1013	,503);
INSERT INTO TRAVELAGENCY_PASSENGERS VALUES(1014	,503);
INSERT INTO TRAVELAGENCY_PASSENGERS VALUES(1015	,503);
INSERT INTO TRAVELAGENCY_PASSENGERS VALUES(1016	,503);
INSERT INTO TRAVELAGENCY_PASSENGERS VALUES(1017	,503);
INSERT INTO TRAVELAGENCY_PASSENGERS VALUES(1019	,507);
INSERT INTO TRAVELAGENCY_PASSENGERS VALUES(1020	,508);

INSERT INTO MILITARY_PASSENGER VALUES(1001,501, 'A204U',8);
INSERT INTO MILITARY_PASSENGER VALUES(1006,504, 'O3LUU',5);
INSERT INTO MILITARY_PASSENGER VALUES(1009,505, 'Q2FZ3',5);
INSERT INTO MILITARY_PASSENGER VALUES(1018,506, 'M4YD2',7);

INSERT INTO CREDITCARD_DETAILS VALUES(468771, 'Visa',	'16-Jul-2024');
INSERT INTO CREDITCARD_DETAILS VALUES(097231, 'Visa',	'23-Jul-2024');
INSERT INTO CREDITCARD_DETAILS VALUES(884674, 'Nets',	'12-Nov-2024');
INSERT INTO CREDITCARD_DETAILS VALUES(314175, 'Nets',	'08-Dec-2024');
INSERT INTO CREDITCARD_DETAILS VALUES(487882, 'Paypal',	'09-Sep-2024');
INSERT INTO CREDITCARD_DETAILS VALUES(339482, 'Paypal',	'10-Nov-2024');
INSERT INTO CREDITCARD_DETAILS VALUES(761815, 'Paypal',	'24-May-2024');
INSERT INTO CREDITCARD_DETAILS VALUES(382130, 'Paypal',	'17-May-2024');
INSERT INTO CREDITCARD_DETAILS VALUES(860671, 'Rupay',	'27-Sep-2024');
INSERT INTO CREDITCARD_DETAILS VALUES(130407, 'Rupay',	'15-Mar-2025');
INSERT INTO CREDITCARD_DETAILS VALUES(872622, 'Rupay',	'04-Aug-2024');
INSERT INTO CREDITCARD_DETAILS VALUES(391889, 'Rupay','11-Apr-2025');
INSERT INTO CREDITCARD_DETAILS VALUES(435819, 'Paysafe','01-Jan-2025');
INSERT INTO CREDITCARD_DETAILS VALUES(266448, 'Paysafe','20-Jan-2025');
INSERT INTO CREDITCARD_DETAILS VALUES(456816, 'Paysafe','26-Jun-2024');
INSERT INTO CREDITCARD_DETAILS VALUES(442187, 'Paysafe','27-Aug-2024');
INSERT INTO CREDITCARD_DETAILS VALUES(233486, 'Discover','25-Jul-2024');
INSERT INTO CREDITCARD_DETAILS VALUES(757961, 'Discover','24-Oct-2024');
INSERT INTO CREDITCARD_DETAILS VALUES(557415, 'Amazon',	'19-Nov-2024');
INSERT INTO CREDITCARD_DETAILS VALUES(868549, 'Amazon',	'23-Nov-2024');

INSERT INTO PCREDITCARD_DETAILS VALUES(468771	,1001);
INSERT INTO PCREDITCARD_DETAILS VALUES(097231	,1002);
INSERT INTO PCREDITCARD_DETAILS VALUES(884674	,1003);
INSERT INTO PCREDITCARD_DETAILS VALUES(314175	,1004);
INSERT INTO PCREDITCARD_DETAILS VALUES(487882	,1005);
INSERT INTO PCREDITCARD_DETAILS VALUES(339482	,1006);
INSERT INTO PCREDITCARD_DETAILS VALUES(761815	,1007);
INSERT INTO PCREDITCARD_DETAILS VALUES(382130	,1008);
INSERT INTO PCREDITCARD_DETAILS VALUES(860671	,1009);
INSERT INTO PCREDITCARD_DETAILS VALUES(130407	,1010);
INSERT INTO PCREDITCARD_DETAILS VALUES(872622	,1011);
INSERT INTO PCREDITCARD_DETAILS VALUES(391889	,1012);
INSERT INTO PCREDITCARD_DETAILS VALUES(435819	,1013);
INSERT INTO PCREDITCARD_DETAILS VALUES(266448	,1014);
INSERT INTO PCREDITCARD_DETAILS VALUES(456816	,1015);
INSERT INTO PCREDITCARD_DETAILS VALUES(442187	,1016);
INSERT INTO PCREDITCARD_DETAILS VALUES(233486	,1017);
INSERT INTO PCREDITCARD_DETAILS VALUES(757961	,1018);
INSERT INTO PCREDITCARD_DETAILS VALUES(557415	,1019);
INSERT INTO PCREDITCARD_DETAILS VALUES(868549	,1020);


INSERT INTO AIRLINES VALUES( 'AIX5'	, 'Air India','India');
INSERT INTO AIRLINES VALUES( 'AA5G'	, 'American AirLines','US');
INSERT INTO AIRLINES VALUES( 'BA2D'	, 'British Airways','UK');
INSERT INTO AIRLINES VALUES( 'SAA3'	, 'Singapore Airlines','Singapore');
INSERT INTO AIRLINES VALUES( 'JAON'	, 'Jet Airlines','Australia');
INSERT INTO AIRLINES VALUES( 'JS2L'	, 'JetStar','Malaysia');


INSERT INTO AIRPORT VALUES( 'HYD'	, 'Rajiv Gandhi International Airport',	 'Telangana',	 'Hyderabad');
INSERT INTO AIRPORT VALUES( 'NWD'	, 'Indira Gandhi International Airport',	 'Delhi',	 'New Delhi');
INSERT INTO AIRPORT VALUES( 'KCH'	, 'Cochin International Airport',	 'Kerala',	  'Kochi');
INSERT INTO AIRPORT VALUES( 'TDM'	, 'Trivandrum International Airport',	 'Kerala',	 'Thiruvananthapuram');
INSERT INTO AIRPORT VALUES( 'CHN'	, 'Chennai International Airport',	 'Tamil Nadu',	 'Chennai');
INSERT INTO AIRPORT VALUES( 'MDR'	, 'Madurai Airport',	 'Tamil Nadu',	 'Madurai');
INSERT INTO AIRPORT VALUES( 'DBM'	, 'Dabolim Airport',	 'Goa',	 'Dabolim');
INSERT INTO AIRPORT VALUES( 'DNR'	, 'Denver International Airport',	 'Colorado',	 'Denver');
INSERT INTO AIRPORT VALUES( 'NYK'	, 'John F. Kennedy International Airport',	 'New York',	 'New York');
INSERT INTO AIRPORT VALUES( 'CHG'	, 'O’Hare International Airport',	  'Illinois',	 'Chicago');
INSERT INTO AIRPORT VALUES( 'SNF'	, 'San Francisco International Airport',	 'California',	 'San Francisco');
INSERT INTO AIRPORT VALUES( 'HST'	, 'George Bush Intercontinental Airport',	 'Texas',	 'Houston');
INSERT INTO AIRPORT VALUES( 'LND'	, 'London Heathrow',	 'London',	 'London');
INSERT INTO AIRPORT VALUES( 'NWB'	, 'Greenham RAF',	 'Newbury',	 'Newbury');
INSERT INTO AIRPORT VALUES( 'LON'	, 'London City Airport',	 'London',	 'London');
INSERT INTO AIRPORT VALUES( 'ALB'	, 'Albury Airport',	 'New South Wales',	 'Albury');
INSERT INTO AIRPORT VALUES( 'CMD'	, 'Camden Airport',	 'New South Wales',	 'Camden');
INSERT INTO AIRPORT VALUES( 'PRH'	, 'Perth International Airport',	 'Western Australia',	 'Perth');
INSERT INTO AIRPORT VALUES( 'KNN'	, 'Kununurra Airport',	 'Western Australia',	 'Kununurra');
INSERT INTO AIRPORT VALUES( 'CNG'	, 'Singapore Changi Airport',	 'Singapore',	 'Changi');
INSERT INTO AIRPORT VALUES( 'SLT'	, 'Seletar Airport',	 'Singapore',	 'Seletar');
INSERT INTO AIRPORT VALUES( 'KLM'	, 'Kuala Lumpur International Airport',	 'Selangor',	 'Kuala Lumpur');
INSERT INTO AIRPORT VALUES( 'TPG'	, 'Taiping Airport',	 'Perak',	 'Taiping');
INSERT INTO AIRPORT VALUES( 'ADY'	, 'Gan International Airport',	 'Gan',	 'Addu City');


INSERT INTO FLIGHTS VALUES( 'AI543'	, 'AIX5',	 'Chennai'	,80,	 'Domestic');
INSERT INTO FLIGHTS VALUES( 'AI908'	, 'AIX5',	 'Hyderabad'	,76,	 'Domestic');
INSERT INTO FLIGHTS VALUES(  'AI798', 'AIX5',	 'New Delhi'	,60,	 'Domestic');
INSERT INTO FLIGHTS VALUES( 'AI421'	, 'AIX5',	 'New York'	,78,	 'International');
INSERT INTO FLIGHTS VALUES( 'AI234'	, 'AIX5',	 'London'	,82,	 'International');
INSERT INTO FLIGHTS VALUES( 'AA156'	, 'AA5G',	 'Chennai'	,95,	 'International');
INSERT INTO FLIGHTS VALUES( 'AA132'	, 'AA5G',	 'New Delhi'	,98,	 'International');
INSERT INTO FLIGHTS VALUES( 'AA512'	, 'AA5G',	 'London'	,79,	 'International');
INSERT INTO FLIGHTS VALUES( 'AA809'	, 'AA5G',	 'San Francisco'	,87,	 'Domestic');
INSERT INTO FLIGHTS VALUES( 'AA709'	, 'AA5G',	 'Changi'	,96,	 'International');
INSERT INTO FLIGHTS VALUES( 'BA580'	, 'BA2D',	 'New york'	,89,	 'International');
INSERT INTO FLIGHTS VALUES( 'BA876'	, 'BA2D',	 'Chicago'	,94,	 'International');
INSERT INTO FLIGHTS VALUES( 'BA345'	, 'BA2D',	 'Addu City'	,79,	 'International');
INSERT INTO FLIGHTS VALUES( 'SA346'	, 'SAA3',	 'kochi'	,77,	 'International');
INSERT INTO FLIGHTS VALUES( 'SA190'	, 'SAA3',	 'Denver'	,88,	 'International');
INSERT INTO FLIGHTS VALUES( 'JA910'	, 'JAON',	 'Kuala Lumpur'	,89,	 'International');
INSERT INTO FLIGHTS VALUES( 'JA123'	, 'JAON',	 'San Francisco'	,96,	 'International');
INSERT INTO FLIGHTS VALUES( 'JA928'	, 'JAON',	 'Dabolim'	,60,	 'International');
INSERT INTO FLIGHTS VALUES( 'JS450'	, 'JS2L',	 'Changi'	,78,	 'International');
INSERT INTO FLIGHTS VALUES( 'JS623'	, 'JS2L',	 'Trivandram'	,89,	 'International');
INSERT INTO FLIGHTS VALUES( 'JS712'	, 'JS2L',	 'Houston'	,90,	 'International');


INSERT INTO FLIGHT_ARRIVAL_AIRPORT VALUES( 'AI543'	, 'NWD');
INSERT INTO FLIGHT_ARRIVAL_AIRPORT VALUES( 'AI908'	, 'DBM');
INSERT INTO FLIGHT_ARRIVAL_AIRPORT VALUES( 'AI798'	, 'MDR');
INSERT INTO FLIGHT_ARRIVAL_AIRPORT VALUES( 'AI421'	, 'TDM');
INSERT INTO FLIGHT_ARRIVAL_AIRPORT VALUES( 'AI234'	, 'CHN');
INSERT INTO FLIGHT_ARRIVAL_AIRPORT VALUES( 'AA156'	, 'NYK');
INSERT INTO FLIGHT_ARRIVAL_AIRPORT VALUES( 'AA132'	, 'SNF');
INSERT INTO FLIGHT_ARRIVAL_AIRPORT VALUES( 'AA512'	, 'DNR');
INSERT INTO FLIGHT_ARRIVAL_AIRPORT VALUES( 'AA809'	, 'HST');
INSERT INTO FLIGHT_ARRIVAL_AIRPORT VALUES( 'AA709'	, 'CHG');
INSERT INTO FLIGHT_ARRIVAL_AIRPORT VALUES( 'BA580'	, 'LON');
INSERT INTO FLIGHT_ARRIVAL_AIRPORT VALUES( 'BA876'	, 'NWB');
INSERT INTO FLIGHT_ARRIVAL_AIRPORT VALUES( 'BA345'	, 'LND');
INSERT INTO FLIGHT_ARRIVAL_AIRPORT VALUES( 'SA346'	, 'KLM');
INSERT INTO FLIGHT_ARRIVAL_AIRPORT VALUES( 'SA190'	, 'SLT');
INSERT INTO FLIGHT_ARRIVAL_AIRPORT VALUES( 'JA910'	, 'PRH');
INSERT INTO FLIGHT_ARRIVAL_AIRPORT VALUES( 'JA123'	, 'KNN');
INSERT INTO FLIGHT_ARRIVAL_AIRPORT VALUES( 'JA928'	, 'CMD');
INSERT INTO FLIGHT_ARRIVAL_AIRPORT VALUES( 'JS450'	, 'TPG');
INSERT INTO FLIGHT_ARRIVAL_AIRPORT VALUES( 'JS623'	, 'KLM');
INSERT INTO FLIGHT_ARRIVAL_AIRPORT VALUES( 'JS712'	, 'KLM');


INSERT INTO FLIGHT_DESTINATION_AIRPORT VALUES( 'AI543'	, 'CHN');
INSERT INTO FLIGHT_DESTINATION_AIRPORT VALUES( 'AI908'	, 'HYD');
INSERT INTO FLIGHT_DESTINATION_AIRPORT VALUES(  'AI798'	, 'NWD');
INSERT INTO FLIGHT_DESTINATION_AIRPORT VALUES( 'AI421'	, 'NYK');
INSERT INTO FLIGHT_DESTINATION_AIRPORT VALUES( 'AI234'	, 'LON');
INSERT INTO FLIGHT_DESTINATION_AIRPORT VALUES( 'AA156'	, 'CHN');
INSERT INTO FLIGHT_DESTINATION_AIRPORT VALUES( 'AA132'	, 'NWD');
INSERT INTO FLIGHT_DESTINATION_AIRPORT VALUES( 'AA512'	, 'LND');
INSERT INTO FLIGHT_DESTINATION_AIRPORT VALUES( 'AA809'	, 'SNF');
INSERT INTO FLIGHT_DESTINATION_AIRPORT VALUES( 'AA709'	, 'CNG');
INSERT INTO FLIGHT_DESTINATION_AIRPORT VALUES( 'BA580'	, 'NYK');
INSERT INTO FLIGHT_DESTINATION_AIRPORT VALUES( 'BA876'	, 'CHG');
INSERT INTO FLIGHT_DESTINATION_AIRPORT VALUES( 'BA345'	, 'ADY');
INSERT INTO FLIGHT_DESTINATION_AIRPORT VALUES( 'SA346'	, 'KCH');
INSERT INTO FLIGHT_DESTINATION_AIRPORT VALUES( 'SA190'	, 'DNR');
INSERT INTO FLIGHT_DESTINATION_AIRPORT VALUES( 'JA910'	, 'KLM');
INSERT INTO FLIGHT_DESTINATION_AIRPORT VALUES( 'JA123'	, 'SNF');
INSERT INTO FLIGHT_DESTINATION_AIRPORT VALUES( 'JA928'	, 'DBM');
INSERT INTO FLIGHT_DESTINATION_AIRPORT VALUES( 'JS450'	, 'CNG');
INSERT INTO FLIGHT_DESTINATION_AIRPORT VALUES( 'JS623'	, 'TDM');
INSERT INTO FLIGHT_DESTINATION_AIRPORT VALUES( 'JS712'	, 'HST');


INSERT INTO DISCOUNTS VALUES( 'AIX5'	, 'AI543',	5);
INSERT INTO DISCOUNTS VALUES( 'AIX5'	, 'AI908',	6);
INSERT INTO DISCOUNTS VALUES( 'AIX5'	, 'AI798',	5);
INSERT INTO DISCOUNTS VALUES( 'AIX5'	, 'AI421',	4);
INSERT INTO DISCOUNTS VALUES( 'AIX5'	, 'AI234',	5);
INSERT INTO DISCOUNTS VALUES( 'AA5G'	, 'AA156',	8);
INSERT INTO DISCOUNTS VALUES( 'AA5G'	, 'AA132',	5);
INSERT INTO DISCOUNTS VALUES( 'AA5G'	, 'AA512',	6);
INSERT INTO DISCOUNTS VALUES( 'AA5G'	, 'AA809',	7);
INSERT INTO DISCOUNTS VALUES( 'AA5G'	, 'AA709',	3);
INSERT INTO DISCOUNTS VALUES( 'BA2D'	, 'BA580',	4);
INSERT INTO DISCOUNTS VALUES( 'BA2D'	, 'BA876',	7);
INSERT INTO DISCOUNTS VALUES( 'BA2D'	, 'BA345',	8);
INSERT INTO DISCOUNTS VALUES( 'SAA3'	, 'SA346',	5);
INSERT INTO DISCOUNTS VALUES( 'SAA3'	, 'SA190',	5);
INSERT INTO DISCOUNTS VALUES( 'JAON'	, 'JA910',	6);
INSERT INTO DISCOUNTS VALUES( 'JAON'	, 'JA123',	4);
INSERT INTO DISCOUNTS VALUES( 'JAON'	, 'JA928',	4);
INSERT INTO DISCOUNTS VALUES( 'JS2L'	, 'JS450',  4);
INSERT INTO DISCOUNTS VALUES( 'JS2L'	, 'JS623',	9);
INSERT INTO DISCOUNTS VALUES( 'JS2L'	, 'JS712',	4);


INSERT INTO PRICE_DETAILS VALUES( 'AIX5'	, 'AI543',	72959	,18804,	10368);
INSERT INTO PRICE_DETAILS VALUES( 'AIX5'	, 'AI908',	88465	,21465,	7428);
INSERT INTO PRICE_DETAILS VALUES( 'AIX5'	, 'AI798',	68054	,45874,	8647);
INSERT INTO PRICE_DETAILS VALUES( 'AIX5'	, 'AI421',	346457	,234072,96457);
INSERT INTO PRICE_DETAILS VALUES( 'AIX5'	, 'AI234',	248508	,173468,33576);
INSERT INTO PRICE_DETAILS VALUES( 'AA5G'	, 'AA156',	304051	,137426,53687);
INSERT INTO PRICE_DETAILS VALUES( 'AA5G'	, 'AA132',	300299	,182576,40422);
INSERT INTO PRICE_DETAILS VALUES( 'AA5G'	, 'AA512',	569203	,166056,38985);
INSERT INTO PRICE_DETAILS VALUES( 'AA5G'	, 'AA809',	30567	,22565,	12456);
INSERT INTO PRICE_DETAILS VALUES( 'AA5G'	, 'AA709',	556744	,237855,44675);
INSERT INTO PRICE_DETAILS VALUES( 'BA2D'	, 'BA580',	798432	,435000,98557);
INSERT INTO PRICE_DETAILS VALUES( 'BA2D'	, 'BA876',	857788	,155687,29567);
INSERT INTO PRICE_DETAILS VALUES( 'BA2D'	, 'BA345',	498547	,239567,39567);
INSERT INTO PRICE_DETAILS VALUES( 'SAA3'	, 'SA346',	287678	,197687,45989);
INSERT INTO PRICE_DETAILS VALUES( 'SAA3'	, 'SA190',	498789	,289674,68900);
INSERT INTO PRICE_DETAILS VALUES( 'JAON'	, 'JA910',	567894	,245897,68456);
INSERT INTO PRICE_DETAILS VALUES( 'JAON'	, 'JA123',	578692	,456757,157689);
INSERT INTO PRICE_DETAILS VALUES( 'JAON'	, 'JA928',	478456	,298672,78564);
INSERT INTO PRICE_DETAILS VALUES( 'JS2L'	, 'JS450',	125987	,56897,	15786);
INSERT INTO PRICE_DETAILS VALUES( 'JS2L'	, 'JS623',	156987	,96456,	23867);
INSERT INTO PRICE_DETAILS VALUES( 'JS2L'	, 'JS712',	425984	,200698,78564);


INSERT INTO FOOD_PRICE VALUES(1,500,1200,2000);
INSERT INTO FOOD_PRICE VALUES(2,750,1680,2500);


INSERT INTO INSURANCE VALUES(2541	,1001,	10000,	'27-Jul-2022'	,'24-Jul-2023');
INSERT INTO INSURANCE VALUES(2542	,1002,	10000,	'16-Jun-2022'	,'01-Aug-2023');
INSERT INTO INSURANCE VALUES(2543	,1003,	10000,	'23-Sep-2022'	,'14-Jun-2023');
INSERT INTO INSURANCE VALUES(2544	,1004,	10000,	'14-Feb-2022'	,'18-Jul-2023');
INSERT INTO INSURANCE VALUES(2545	,1005,	10000,	'06-Mar-2022'	,'31-Jul-2023');
INSERT INTO INSURANCE VALUES(2546	,1006,	10000,	'20-Aug-2021'	,'21-Aug-2023');
INSERT INTO INSURANCE VALUES(2547	,1007,	10000,	'25-Apr-2022'	,'10-Aug-2023');
INSERT INTO INSURANCE VALUES(2548	,1008,	10000,	'19-Oct-2022'	,'13-Jul-2023');
INSERT INTO INSURANCE VALUES(2549	,1009,	10000,	'28-Oct-2022'	,'05-Aug-2023');
INSERT INTO INSURANCE VALUES(2550	,1010,	10000,	'08-Nov-2021'	,'17-Jun-2023'); 


INSERT INTO FREQUENT_PASSENGER(FPASSENGER_ID,FPASSENGER_MILEAGE,FREQFLYCOUNT,MILEAGEBALANCE
)SELECT PASSENGER_ID ,0,0,0 FROM PASSENGER; 